{"loss": [1.3968983888626099, 0.45861342549324036, 0.27696213126182556, 0.18564432859420776, 0.1429925113916397, 0.1124982237815857, 0.09045752882957458, 0.07394684106111526, 0.06788123399019241, 0.05651149898767471], "accuracy": [0.5897716879844666, 0.8539583086967468, 0.9109894037246704, 0.9393413662910461, 0.9535244107246399, 0.9633828997612, 0.97022545337677, 0.9760295748710632, 0.9778220653533936, 0.9820044040679932], "val_loss": [0.4726506471633911, 0.2907375991344452, 0.24274763464927673, 0.19629716873168945, 0.151715487241745, 0.1362292766571045, 0.1472959965467453, 0.11896815150976181, 0.11394508183002472, 0.12950296700000763], "val_accuracy": [0.8504438996315002, 0.9061006307601929, 0.9204985499382019, 0.937798798084259, 0.9521966576576233, 0.9566355347633362, 0.9556112289428711, 0.9613589644432068, 0.9644320607185364, 0.9606191515922546]}